vendor,yelp,foursquare,osm
Foto Sport Serafino,0,0,1
Centro Polivalente,0,0,1
Unknown,0,0,1
Nicoletta,0,0,1
Unknown,0,0,1
Unknown,0,0,1
Unknown,0,0,1
Unknown,0,0,1
Unknown,0,0,1
Unknown,0,0,1
Unknown,0,0,1
Unknown,0,0,1
Mary,0,0,1
Unknown,0,0,1
"Villa Immacolatella-Weddings,Suites,Food&Wine",0,0,1
Unknown,0,0,1
Flora Poma,0,0,1
Unknown,0,0,1
Unknown,0,0,1
Reparto Brownsea,0,0,1
Reparto San Vito,0,0,1
Acconciature Antonino,0,0,1
Mimma Chiappara,0,0,1
Galleria della Foto,0,0,1
Pippo Giacalone Alta Moda Sposi,0,0,1
Maru Mage,0,0,1
Unknown,0,0,1
Unknown,0,0,1
Atelier fotografico Naomi,0,0,1
Parrucchieria Silvana,0,0,1
Unknown,0,0,1
My Flowers,0,0,1
Unknown,0,0,1
Unknown,0,0,1
Unknown,0,0,1
Unknown,0,0,1
Unknown,0,0,1
Unknown,0,0,1
Unknown,0,0,1
Piante e Fiori,0,0,1
Unknown,0,0,1
Unknown,0,0,1
Unknown,0,0,1
Unknown,0,0,1
Unknown,0,0,1
Unknown,0,0,1
Santuario di Hera Matrimoniale,0,0,1
Unknown,0,0,1
Unknown,0,0,1
Olga stile,0,0,1
Unknown,0,0,1
Unknown,0,0,1
Unknown,0,0,1
Unknown,0,0,1
Unknown,0,0,1
mary Sposa,0,0,1
Unknown,0,0,1
Unknown,0,0,1
Unknown,0,0,1
Unknown,0,0,1
Unknown,0,0,1
Unknown,0,0,1
Unknown,0,0,1
Unknown,0,0,1
Unknown,0,0,1
Unknown,0,0,1
Unknown,0,0,1
Unknown,0,0,1
Unknown,0,0,1
Unknown,0,0,1
Triolo,0,0,1
Unknown,0,0,1
Granozzi,0,0,1
Orestia,0,0,1
Borbone Fotografia,0,0,1
Centro culturale espositivo del marmo,0,0,1
Unknown,0,0,1
Parrucchiere Donna Più,0,0,1
Unknown,0,0,1
Unknown,0,0,1
La Bottega Fiorita,0,0,1
TRINITY SPOSI,0,0,1
I Parrucchieri,0,0,1
Unknown,0,0,1
Unknown,0,0,1
Unknown,0,0,1
Da Giovy,0,0,1
Salvo Russo,0,0,1
Unknown,0,0,1
Maria,0,0,1
Teo,0,0,1
Le juvenile Coiffeur,0,0,1
Unknown,0,0,1
Barber Shop,0,0,1
Unknown,0,0,1
Maria Mannino - Floral Designer,0,0,1
Unknown,0,0,1
Fiorista,0,0,1
Unknown,0,0,1
Full Hd Professional Fotografia,0,0,1
Unknown,0,0,1
L'angolo Incantato,0,0,1
Unknown,0,0,1
Parruccheria Uomo Fabio,0,0,1
Madonia,0,0,1
Naif,0,0,1
Unknown,0,0,1
Mia - Consulenza di Immagine,0,0,1
Parrucchiere uomo,0,0,1
DS Parrucchieri,0,0,1
Unknown,0,0,1
Calderone,0,0,1
ESPOsat,0,0,1
Salvo Arancio,0,0,1
Ninòs Homme,0,0,1
Capellimania,0,0,1
Parruccheria - Estetica - Carlo,0,0,1
Pippo Piraino,0,0,1
Unknown,0,0,1
Ciokka per Ciokka Adele,0,0,1
KDonna,0,0,1
Pazza Tentazione,0,0,1
Lacca,0,0,1
Medusa Parrucchieri-Estetica,0,0,1
Unknown,0,0,1
Dacci Un Taglio,0,0,1
Barber shop - Il tuo Look alla Moda,0,0,1
L'Officina del capello,0,0,1
Unknown,0,0,1
Alecla,0,0,1
Parrucchiera Donna,0,0,1
Barber Liga,0,0,1
Fotografia Filippo Giaimo,0,0,1
Esposizione strumenti medici ex ospedale psichiatrico,0,0,1
Look Mania,0,0,1
Alfonso 110 e Lode,0,0,1
Klipp,0,0,1
Idee per la testa,0,0,1
Unknown,0,0,1
Cardella,0,0,1
La Barberia,0,0,1
Centro Foto Video,0,0,1
Sturlesi Parrucchieri Felici,0,0,1
Gallo,0,0,1
Dacci un taglio,0,0,1
Maruén Hair Stylist,0,0,1
The King of Hair,0,0,1
Cantieri culturali Zisa,0,0,1
Pino Ciacia Parrucchieri,0,0,1
Alario alfredo,0,0,1
Euro foto,0,0,1
Foto calderone,0,0,1
Unknown,0,0,1
Unknown,0,0,1
Compagnia della Bellezza,0,0,1
Unknown,0,0,1
Lisci Ricci e Capricci,0,0,1
Rubino Barber Shop,0,0,1
Lorizon,0,0,1
Unknown,0,0,1
Fiori Grande Federico,0,0,1
Indipendenza Fiorita,0,0,1
Grande Federico,0,0,1
Unknown,0,0,1
Unknown,0,0,1
Il barbiere,0,0,1
Unknown,0,0,1
Unknown,0,0,1
Unknown,0,0,1
Unknown,0,0,1
Unknown,0,0,1
Unknown,0,0,1
Arci Porco Rosso,0,0,1
Unknown,0,0,1
Unknown,0,0,1
Unknown,0,0,1
Piante e Fiore di Basith MD,0,0,1
Unknown,0,0,1
Unknown,0,0,1
Marika,0,0,1
Ego,0,0,1
Diva,0,0,1
Toni Porzio,0,0,1
Teresa Miceli,0,0,1
Mr. Binny Barber,0,0,1
Barber Shop Daniele Davì,0,0,1
Mood,0,0,1
Salvo Careri,0,0,1
Selva,0,0,1
Mongiovi,0,0,1
Gaspar's,0,0,1
Pianeta Donna,0,0,1
Francesca Conticelli,0,0,1
Kalispa Hair & Body L'Uomo,0,0,1
Paradisea,0,0,1
Toni Oneto,0,0,1
Hair Lab,0,0,1
Salone,0,0,1
New Men,0,0,1
EPYC - European Palermo Youth Center,0,0,1
Unknown,0,0,1
Tomasino Parrucchiere Estetista,0,0,1
La fioreria,0,0,1
3D Parrucchieri,0,0,1
Whuau,0,0,1
Alessandro Guaresi,0,0,1
Unknown,0,0,1
Botè Salon,0,0,1
La Barberia,0,0,1
Michele Valenti Capelli & Benessere,0,0,1
Aldo Coppola,0,0,1
Unknown,0,0,1
Minimum,0,0,1
Parrucchieria Diva,0,0,1
Atmosphere,0,0,1
Il Ciclamino,0,0,1
Unknown,0,0,1
Unknown,0,0,1
Catalano Parrucchieri,0,0,1
Unknown,0,0,1
Salvo Hairdresser,0,0,1
Sposito Autoricambi SNC,0,0,1
Impollonia fiori,0,0,1
Impollonia fiori,0,0,1
Unknown,0,0,1
Photoservice Lab,0,0,1
Unknown,0,0,1
A.s.d. Club Scherma Palermo,0,0,1
Unknown,0,0,1
Maddy Barber Room,0,0,1
Colet sposi,0,0,1
Unknown,0,0,1
L'angolo dei fiori,0,0,1
Unknown,0,0,1
Unknown,0,0,1
Fiori di Saverio Motisi,0,0,1
Unknown,0,0,1
Haifox,0,0,1
Roshair Barber,0,0,1
Unknown,0,0,1
Schirmenti,0,0,1
Unknown,0,0,1
Tony Barber Shop,0,0,1
Coiffeur,0,0,1
Unknown,0,0,1
Unknown,0,0,1
Sala da Barba,0,0,1
TaglioArte e Capelli,0,0,1
Unknown,0,0,1
Unknown,0,0,1
Graziella Parrucchiere,0,0,1
Arte e Bellezza,0,0,1
Cusimano Barber Shop,0,0,1
Unknown,0,0,1
Unknown,0,0,1
Unknown,0,0,1
Unknown,0,0,1
Unknown,0,0,1
Barone Spose,0,0,1
Unknown,0,0,1
Petali & capricci,0,0,1
Unknown,0,0,1
Unknown,0,0,1
Le Fabbriche,0,0,1
Unknown,0,0,1
Foto Event Studio,0,0,1
Paul Mitchell,0,0,1
Unknown,0,0,1
Unknown,0,0,1
Maganuco Francesca,0,0,1
"Asilo ""Padre Giovanni Minozzi""",0,0,1
Scuola Elementare Padre Giovanni Minozzi,0,0,1
Parrucchiere Enzo & Rosangela Milano,0,0,1
Glamour Acconciature,0,0,1
L'Oscar Parrucchiere,0,0,1
Fotofibo,0,0,1
gruppo scout AGESCI Gela 4,0,0,1
Audace Style,0,0,1
Voddo Giuseppe Alexander,0,0,1
Sultano Parrucchieri,0,0,1
Unknown,0,0,1
Luigi Fraglica,0,0,1
Unknown,0,0,1
Latisole,0,0,1
Unknown,0,0,1
Unknown,0,0,1
Unknown,0,0,1
Unknown,0,0,1
Unknown,0,0,1
Roberta Salsetta,0,0,1
Graziano Salsetta,0,0,1
Piante e Fiori La Ginestra,0,0,1
Elio Tilaro,0,0,1
L'Angolo Verde,0,0,1
L'Orchidea,0,0,1
Flor Art,0,0,1
Glamour Parrucchieri,0,0,1
Matteo World,0,0,1
Unknown,0,0,1
Unknown,0,0,1
Tiesse,0,0,1
Luigi Barber Shop,0,0,1
Hair Cut Enrico Creation,0,0,1
Hair Charm,0,0,1
Unknown,0,0,1
G.G.,0,0,1
Hair Joseph,0,0,1
New Image,0,0,1
Happy Hair,0,0,1
Compagnia della Bellezza,0,0,1
Donnalookata Experience,0,0,1
Flor Art,0,0,1
Diamoci Un Taglio,0,0,1
Alessandro Parrucchiere,0,0,1
Aurora Dimartino Photography,0,0,1
Tinnirello,0,0,1
Chioma Studio,0,0,1
Gianluca Parrucchieri,0,0,1
Unknown,0,0,1
Unknown,0,0,1
Piante e Fiori,0,0,1
Villa Criscione,0,0,1
Villa Ottaviano,0,0,1
Creattività,0,0,1
Sala da Barba,0,0,1
Onde e Ricci,0,0,1
Unknown,0,0,1
Saro Pernuzzi Moncada,0,0,1
Lifestyle Hair & Body,0,0,1
Fioreria Annalisa,0,0,1
Bartolo Trovato Barber,0,0,1
Giuseppe Voi,0,0,1
Peppe Occhipinti,0,0,1
Coiffeur Davide,0,0,1
Unknown,0,0,1
Unknown,0,0,1
Unknown,0,0,1
Unknown,0,0,1
Margherita Mirabella Hairstylist,0,0,1
On Hair Barber Shop,0,0,1
Unknown,0,0,1
Unknown,0,0,1
La Gardenia,0,0,1
Unknown,0,0,1
Unknown,0,0,1
Unknown,0,0,1
Acconciature Antonello,0,0,1
Centro Culturale Meno Assenza,0,0,1
Foto Assenza,0,0,1
4 You,0,0,1
L'Orchidea,0,0,1
Il Fiorista,0,0,1
Glamour Hair Lab,0,0,1
Villa Santa Rosalia,0,0,1
La Sposa Mugnieco,0,0,1
Photo Blandino,0,0,1
Elisa Modica Hairstylist,0,0,1
Simone Susino,0,0,1
Hair Design,0,0,1
Hair Vintage,0,0,1
Stile Uomo,0,0,1
Unknown,0,0,1
Non Solo Capelli,0,0,1
Alta Barberia,0,0,1
Mario Cappello,0,0,1
La Barberia,0,0,1
Duality Hair Salon,0,0,1
Charme,0,0,1
Eleganza,0,0,1
Saline Blu,0,0,1
Studio Fotografico Antoci,0,0,1
Gisella,0,0,1
Sonia Accounciature,0,0,1
Tony & Maurizio,0,0,1
Guglielmo,0,0,1
L'Orchidea,0,0,1
Armonia Floreale,0,0,1
Marco & Michela,0,0,1
Salvo Lisfera Parrucchieri,0,0,1
Salone Tony Runza,0,0,1
Angelica Parrucchieri,0,0,1
Cesare Parrucchiere,0,0,1
Alessandro Papa,0,0,1
Comb and Scissors,0,0,1
Serena Oddo Parrucchieri,0,0,1
Sala da Barba Pomillo,0,0,1
Roberta Amatore,0,0,1
Newlight Studio,0,0,1
GM Parrucchieri,0,0,1
La Barberia,0,0,1
Fioreria Morando,0,0,1
Garden Flowers,0,0,1
Unknown,0,0,1
Fioreria Cascone,0,0,1
Diva & Donna,0,0,1
L'Angolo Verde,0,0,1
Unknown,0,0,1
La Barberia,0,0,1
Il Bello delle Donne,0,0,1
Unknown,0,0,1
Nino e Franco,0,0,1
FC Cosmetic,0,0,1
Edò Parrucchieri,0,0,1
Unknown,0,0,1
Unknown,0,0,1
Las Vegas,0,0,1
Cinzia Hair,0,0,1
Adesso Sposami,0,0,1
Andrea Occhipinti,0,0,1
Arte Uomo,0,0,1
Mac Flower,0,0,1
Fiorirà,0,0,1
Catalano Barbers,0,0,1
Hind Hair Care,0,0,1
Nuove Tendenze,0,0,1
Non Solo Moda,0,0,1
Parrucchieri Alternativi,0,0,1
New Style Man,0,0,1
Luca Barber & Coffee,0,0,1
Golden Era Barbers,0,0,1
Sposami,0,0,1
Vivai Maugeri,0,0,1
Arte Flora,0,0,1
Exclusive Barbers Squad,0,0,1
Patrizia Santoro,0,0,1
Hair Queen Valeria,0,0,1
Amiche della Bellezza,0,0,1
Lorian,0,0,1
Arcerito & Figli Photo Story,0,0,1
Salone Nicastro,0,0,1
Centro socio culturale Totò Liardo,0,0,1
Divina,0,0,1
Walter e Fabiola Parrucchieri,0,0,1
Crazy Hair,0,0,1
Le Barbier,0,0,1
L'Eleganza delle Stelle,0,0,1
Emotional Salon,0,0,1
Enrico Parrucchieri,0,0,1
Officina del Taglio,0,0,1
Studio Magè,0,0,1
Il Cielo,0,0,1
Art of Barbering,0,0,1
Centro Commerciale Culturale - Palazzo Mimì Arezzo,0,0,1
Fiori d'Arte,0,0,1
Hair Style Men,0,0,1
Idea Verde,0,0,1
Ricci & Capricci,0,0,1
Tenuta San Marco,0,0,1
Oasi Don Bosco,0,0,1
Boccaccio Fiori,0,0,1
Ignazio Ciarcià,0,0,1
Messaggi Floreali,0,0,1
Luci & Ombre,0,0,1
Dimensione Donna,0,0,1
Ricci & Capricci,0,0,1
Hair Style Fabrizio,0,0,1
Boutique dei Fiori,0,0,1
Studio fotografico Stevim,0,0,1
Fashion,0,0,1
Salvo Inserra,0,0,1
Compagnia della Bellezza,0,0,1
Patania,0,0,1
Hair Project,0,0,1
Armando Cavalli,0,0,1
Flores & Royal Flower,0,0,1
Francesco,0,0,1
Barber Home,0,0,1
Salvo Vinci,0,0,1
Gianni & Lucia,0,0,1
Fotographare,0,0,1
Tony Pupillo,0,0,1
Centro anziani Sebastiano Coco,0,0,1
Marco Ossino,0,0,1
Il Bello delle Donne,0,0,1
Salvo,0,0,1
New Look,0,0,1
Barber Shop Federico,0,0,1
Capelli In,0,0,1
Linda Parrucchieri,0,0,1
Idea Donna,0,0,1
Claudia Bellezza e Benessere,0,0,1
il giardino dell'eden,0,0,1
Parrucchieria Caci Assunta,0,0,1
info 3403363033,0,0,1
Fioreria Mula,0,0,1
Fioraio,0,0,1
Barbiere,0,0,1
Parrucchieria,0,0,1
Parrucchieria,0,0,1
Unknown,0,0,1
Magazzino Culturale ex Oleificio,0,0,1
Garden House di latini Giuseppina,0,0,1
Unknown,0,0,1
Saglibene,0,0,1
Nuara,0,0,1
Oratorio Maria Santissima del Rosario,0,0,1
Centro Culturale San Domenico,0,0,1
Unknown,0,0,1
Unknown,0,0,1
Unknown,0,0,1
Unknown,0,0,1
Idea Look,0,0,1
Honda - Esposto Moto,0,0,1
Unknown,0,0,1
Saloon Dolce Vita,0,0,1
Manu Style,0,0,1
Barbershop,0,0,1
De simone,0,0,1
Saito,0,0,1
MG foto,0,0,1
De Simone,0,0,1
La racchetta,0,0,1
Leah,0,0,1
La Scala,0,0,1
Fabio Saito,0,0,1
Massimo Speciale,0,0,1
Silvana,0,0,1
E&K,0,0,1
Josè,0,0,1
Il Mondo delle Donne,0,0,1
Enza Li Vigni,0,0,1
Salone da barba Pietro,0,0,1
Mario e Francesco,0,0,1
Emanuele,0,0,1
Semplicemente Donna,0,0,1
Moncada,0,0,1
Photo story,0,0,1
Fotografo Matrimonio Palermo Fabio Sciacchitano,0,0,1
Agostino,0,0,1
Marco Giganti,0,0,1
Unknown,0,0,1
Foto videoro,0,0,1
Parrucchiere Francesco Dioguardi,0,0,1
Paolo e Rosy,0,0,1
Centro Fiori Baccelletti,0,0,1
Photo Color,0,0,1
barber shop  Niscemi,0,0,1
Harmony liste nozze,0,0,1
Unknown,0,0,1
Mimmo Giordano,0,0,1
Salvatore Aiello,0,0,1
foto video Gianni,0,0,1
Unknown,0,0,1
Unknown,0,0,1
Tata parrucchieri,0,0,1
Gianni Crisanti Barber Shop,0,0,1
Unknown,0,0,1
Unknown,0,0,1
Unknown,0,0,1
Fioraio,0,0,1
Centro Polifunzionale,0,0,1
FotoGrafica,0,0,1
Emilfoto,0,0,1
U Tarantinu,0,0,1
Teatro del gusto,0,0,1
Protezione Civile (O.N.V.G.I.),0,0,1
Outlet Cerimonia Sposi di Giò,0,0,1
Unknown,0,0,1
Unknown,0,0,1
Il fiore all'occhiello,0,0,1
Unknown,0,0,1
Unknown,0,0,1
Unknown,0,0,1
Unknown,0,0,1
Unknown,0,0,1
Unknown,0,0,1
Sposi di Giò - Atelier sposi,0,0,1
Fioridea,0,0,1
Unknown,0,0,1
Centro Sociale,0,0,1
Dominique,0,0,1
Pamela Flowers,0,0,1
Fantasie di Fiori,0,0,1
Hair Cutting Barber Shop,0,0,1
Unknown,0,0,1
Unknown,0,0,1
Unknown,0,0,1
Unknown,0,0,1
Unknown,0,0,1
Unknown,0,0,1
Unknown,0,0,1
Unknown,0,0,1
Unknown,0,0,1
Unknown,0,0,1
Unknown,0,0,1
Unknown,0,0,1
Unknown,0,0,1
Unknown,0,0,1
Andrea La Malfa,0,0,1
Al Canneto,0,0,1
Palazzo Militello,0,0,1
Coiffeur Angelo,0,0,1
New Fashion,0,0,1
La Barberia,0,0,1
Simona Style,0,0,1
Glamour,0,0,1
Ragona,0,0,1
Photo Video Professional,0,0,1
Unknown,0,0,1
Unknown,0,0,1
Parrucchiere Per Uomo,0,0,1
Unknown,0,0,1
Unknown,0,0,1
Unknown,0,0,1
Alex,0,0,1
Da Gianluca,0,0,1
Hairteam Parrucchieri,0,0,1
Librino Barber School,0,0,1
Ninny & Figli,0,0,1
Unknown,0,0,1
Unknown,0,0,1
The Barber,0,0,1
Tony,0,0,1
Samperi Flowers,0,0,1
Unknown,0,0,1
Unknown,0,0,1
Il Giardino dei Fiori,0,0,1
Flowers Design,0,0,1
New Evolution,0,0,1
Fiori Piante Pippo,0,0,1
Unknown,0,0,1
Unknown,0,0,1
Unknown,0,0,1
Dario Torrisi,0,0,1
Antonio & Marzia,0,0,1
Taty,0,0,1
Massimo D'Agosta,0,0,1
Giuggiu Style,0,0,1
Profili di Luce,0,0,1
Salvatore Travaglia,0,0,1
Arte Fiori,0,0,1
Fotografo DN,0,0,1
Fabione Barber,0,0,1
Unknown,0,0,1
Barber House,0,0,1
Enza & Massimo,0,0,1
Il Bello delle Donne,0,0,1
You Hair,0,0,1
UniOnda,0,0,1
Le Spose,0,0,1
Studio 73,0,0,1
Verde Idea,0,0,1
La Bellezza È Donna,0,0,1
Camo Barber Shop,0,0,1
Reale Bellezza,0,0,1
Colajanni Parrucchieri,0,0,1
Queen of Flowers,0,0,1
VM Luxury Style,0,0,1
Salvo Maio,0,0,1
Wellness Point,0,0,1
Francesco Catania,0,0,1
Fiori & Fantasie,0,0,1
Fluido Verde,0,0,1
Parrucchieri Lucia,0,0,1
Moda tra i Capelli,0,0,1
Capellimania,0,0,1
Dimensione Capelli,0,0,1
Gigi Leone,0,0,1
Giancarlo Drago,0,0,1
Celeste,0,0,1
MP Parrucchieri,0,0,1
Ale X Hair,0,0,1
Paolo Crisafi,0,0,1
Agesci Zona Etnea (sede),0,0,1
Magic Flora,0,0,1
Beauty Hair,0,0,1
Fl Parrucchieri,0,0,1
Il Principe Events,0,0,1
Il Pianeta dell'Immagine,0,0,1
The Barber of Style,0,0,1
All'Antica Barberia di Catania,0,0,1
Eugenio Leonardi,0,0,1
High Line,0,0,1
Flower Essence,0,0,1
Styling,0,0,1
Argania,0,0,1
Trend Group,0,0,1
Patrizia,0,0,1
Digital Lab,0,0,1
Rino Fiorenza,0,0,1
Barber’s Lab 1,0,0,1
Atelier Botanico,0,0,1
Tendenze,0,0,1
Montalbano,0,0,1
O&M Parrucchieri,0,0,1
Moda sui Capelli,0,0,1
Diamond,0,0,1
Orazio & Mara,0,0,1
Maria Squillaci,0,0,1
La Magia del Colore,0,0,1
Cine Photo Store,0,0,1
Giacomo Orlando,0,0,1
Talento,0,0,1
Serendipity,0,0,1
Sanbiotec,0,0,1
Unknown,0,0,1
Les Amis,0,0,1
Selfie Room Catania,0,0,1
Ditelo coi Fiori,0,0,1
Maurizio Tricomi,0,0,1
Trapanotto Francesco,0,0,1
Figaro Barber House,0,0,1
Color Bar,0,0,1
Essential,0,0,1
Argentina,0,0,1
Compagnia della Bellezza,0,0,1
Scuderi & Scuderi,0,0,1
Vito Racca,0,0,1
Alessandro Longo,0,0,1
Taber,0,0,1
Alberti Giuseppe,0,0,1
Barberia Verga,0,0,1
Andrea,0,0,1
Il Giardino di Scidà,0,0,1
Forbici & Follia,0,0,1
Fioreria al Borgo,0,0,1
Il Vivaio,0,0,1
Alfredo,0,0,1
Domenico Parrucchieri,0,0,1
Re Acconciature Uomo,0,0,1
Luana Parrucchieri,0,0,1
Giuseppe Costanzo,0,0,1
Tommaso Santoro,0,0,1
Parrucchiere Sherry,0,0,1
Linea Arte Gel,0,0,1
Coppola Parrucchieri,0,0,1
Fiori & Piante,0,0,1
Palazzo,0,0,1
Maco Barber Shop,0,0,1
Compagnia della Bellezza,0,0,1
Stile e Colore,0,0,1
Mister Capello,0,0,1
Kreativ,0,0,1
Traicapelli,0,0,1
Real Stile,0,0,1
Hair Style,0,0,1
Salemi Fiori,0,0,1
Fotografia,0,0,1
Haircolormalià,0,0,1
Il Barbiere,0,0,1
Leo,0,0,1
La Fotografia,0,0,1
La Bellezza dei Capelli,0,0,1
Floreade,0,0,1
Luciano Messina Parrucchieri,0,0,1
Idea Parrucchieri,0,0,1
Free Style,0,0,1
Piuzerootto,0,0,1
Barber Room,0,0,1
Seby Salemi Fiori,0,0,1
I Parrucchieri Cottone,0,0,1
Sicurella & Co.,0,0,1
Sal...,0,0,1
Marco Conti,0,0,1
Barberia Bombaci,0,0,1
Sanrevì,0,0,1
Haircolormalià,0,0,1
Centro Fiori,0,0,1
Creare per Arredare,0,0,1
Beauty Club,0,0,1
Il Senso del Benessere,0,0,1
Tagliomania,0,0,1
Barber Shop Mario,0,0,1
Marchese Parrucchieri,0,0,1
Il Barbiere,0,0,1
Stivilla,0,0,1
Hair Salon & Barber,0,0,1
Compagnia della Bellezza,0,0,1
Fotografi Litrico,0,0,1
Il Fiorista,0,0,1
Ikebana Eventi,0,0,1
Rosalba Parrucchieri,0,0,1
Vanità Sposa,0,0,1
Giuseppe Scalisi,0,0,1
Floris,0,0,1
Il Giardino dell'Eden,0,0,1
Di Paola Hair Saloon,0,0,1
Villa Garufi,0,0,1
Giuffrida Liste Nozze,0,0,1
Forbici e Follie,0,0,1
Luigina & Alfina Parrucchieri,0,0,1
Immagine Laura,0,0,1
Haircolormalià,0,0,1
Studio Style,0,0,1
Fashion Woman,0,0,1
Non Solo Sposa,0,0,1
Woodstock Barber,0,0,1
Luigina Vinciullo,0,0,1
Villa Rigoletto,0,0,1
Acconciature Mirone,0,0,1
AGESCI Belpasso 2,0,0,1
Unknown,0,0,1
New Style,0,0,1
Fabio Basile,0,0,1
Yellow Natalì,0,0,1
Fiori Piante e Amore,0,0,1
Carmen Parrucchieri,0,0,1
La Bottega del Fiore,0,0,1
Elegance Hair,0,0,1
Seby Barber,0,0,1
Barber House Hair Stylist,0,0,1
La Fioreria Antony,0,0,1
EG by Claudia Saia,0,0,1
Stile & Tendenze,0,0,1
Francesco & Melinda,0,0,1
Fotoeffe,0,0,1
Il Barbiere,0,0,1
Villa Francicanava,0,0,1
Fashion Look,0,0,1
Hair Designer,0,0,1
Unknown,0,0,1
Studio fotografico Caruso,0,0,1
Cambia Menti,0,0,1
Bellezza & Relax,0,0,1
Joe Faro,0,0,1
"Liceo artistico regionale ""Ciro Michele Esposito""",0,0,1
Fioreria,0,0,1
Unknown,0,0,1
Unknown,0,0,1
Unknown,0,0,1
Unknown,0,0,1
Unknown,0,0,1
Unknown,0,0,1
Unknown,0,0,1
Unknown,0,0,1
Unknown,0,0,1
Olivo,0,0,1
Unknown,0,0,1
Bonaccorso Parrucchieri,0,0,1
La Barberia Di Sicilia,0,0,1
Barberia Prisco,0,0,1
Unknown,0,0,1
Unknown,0,0,1
Villa Etrusca,0,0,1
Unknown,0,0,1
Unknown,0,0,1
Capelli belli,0,0,1
Coiffeur Virginia,0,0,1
Gero's Parrucchieri,0,0,1
Annabella Hairspa,0,0,1
Ladies Hairdresser,0,0,1
Parrucchiera Venere,0,0,1
Gitto - Fiori e Piante,0,0,1
Parrucchiere Antonio,0,0,1
Unknown,0,0,1
Roberto Romagnolo Fotografo,0,0,1
Il Pozzo Non Solo Fiori,0,0,1
Salon Emotion,0,0,1
Karmen parrucchieri,0,0,1
Simone Romagnolo Hairdressing,0,0,1
Unknown,0,0,1
Unknown,0,0,1
Michele Doria,0,0,1
Piante e fiori,0,0,1
Flor-Art,0,0,1
Franco Saro,0,0,1
Unknown,0,0,1
Cucina comunale mensa scolastica,0,0,1
Acconciature SG,0,0,1
Centro ricreativo per anziani,0,0,1
Unknown,0,0,1
Angy Style,0,0,1
Unknown,0,0,1
Immagine Uomo di Cappellano,0,0,1
Alex Parrucchiere,0,0,1
Caffè Galante,0,0,1
Tempio di Venere,0,0,1
Merenda,0,0,1
Nunzio,0,0,1
Miss Appeal,0,0,1
Unknown,0,0,1
Hair Fashion di Rosy & Francy,0,0,1
Terry Foto,0,0,1
Bottega Creativa,0,0,1
Civico 79,0,0,1
Giovanni,0,0,1
Punto Capelli,0,0,1
Hair Street Barbers,0,0,1
Pirowedding,0,0,1
Nando Alfò,0,0,1
Nella,0,0,1
Salvo Carbè,0,0,1
Alysia Piante e Fiori,0,0,1
Piccione,0,0,1
Nino,0,0,1
Art & Moda,0,0,1
Gm2 Hair Design,0,0,1
Foto Gaetano,0,0,1
Tommaso Sgandurra,0,0,1
Alberto Rametta,0,0,1
Stile Donna,0,0,1
Vogue Uomo,0,0,1
Iole Calafiore Salon,0,0,1
Paolo Papa,0,0,1
Pep Sicily,0,0,1
Centro anziani Cassibile,0,0,1
Giusy Fashion Style,0,0,1
The Barber,0,0,1
Amenta Hair Salon,0,0,1
Venere,0,0,1
Da Pasquale,0,0,1
Sgandurra Corradina,0,0,1
Barber Shop Zuppardo,0,0,1
Mera Mente,0,0,1
Circolo del Giardino,0,0,1
La Bella Isola,0,0,1
La Corte 1881,0,0,1
Hair Styling,0,0,1
Angelita,0,0,1
Casa del Fiore,0,0,1
Circolo Benedetto Croce,0,0,1
Fiori & Giardini,0,0,1
Fantasy Look,0,0,1
Sogno Sposa,0,0,1
Main d'Or,0,0,1
Liliana Amato,0,0,1
Studio 12,0,0,1
Nella Romano,0,0,1
Francesco Fashion Style,0,0,1
Estasi Eventi,0,0,1
Ricci Capricci,0,0,1
Letizia Parisi,0,0,1
Immagine Uomo,0,0,1
Peter Image Lab,0,0,1
Antonio Gionfriddo,0,0,1
Grease Parrucchieri,0,0,1
Silvia Parrucchieri,0,0,1
Barbieria 2003,0,0,1
Angelo,0,0,1
Arte Donna,0,0,1
Mora Mora Equilibrium,0,0,1
3.0 Concept Hair,0,0,1
Estasi,0,0,1
Gianni,0,0,1
Passione Donna,0,0,1
Torre del Fusco,0,0,1
Belli in Testa,0,0,1
Foglie & Fiori,0,0,1
Hair Salon,0,0,1
Viviana Parrucchieri,0,0,1
Luigi Zito,0,0,1
Visionicreative,0,0,1
Michele,0,0,1
Nuovo Look,0,0,1
Main,0,0,1
Siracusa Sposi Outlet,0,0,1
My Event Club,0,0,1
Maestrò,0,0,1
Revolution Style,0,0,1
Maurizio,0,0,1
Orchidea Fiori,0,0,1
La Barbieria Siracusana,0,0,1
Un Diavolo per Capello,0,0,1
Ideas of the Head Rita,0,0,1
Florist,0,0,1
Hair Lab,0,0,1
Mr Boutique,0,0,1
Macrè,0,0,1
Rametta,0,0,1
Tino,0,0,1
Cannatafiori,0,0,1
Colpi di Testa,0,0,1
Raudino,0,0,1
Daniela's Style,0,0,1
Ortigia Barber Shop,0,0,1
Corrada Hair Style,0,0,1
Ideeintesta,0,0,1
Barbiere Liberty,0,0,1
Flowers Planet,0,0,1
Fashion Style,0,0,1
Go Coppola,0,0,1
Immagine Donna,0,0,1
Amberly Feste & Eventi,0,0,1
Ibles Parrucchieri,0,0,1
Barabba,0,0,1
Giano Parrucchieri,0,0,1
Aurhea Milano,0,0,1
Forbici d'Oro,0,0,1
Insidia,0,0,1
Cut and Shave,0,0,1
Baio Haircare,0,0,1
Valenti Sposa,0,0,1
Perfect Cut,0,0,1
Valenti Sposa,0,0,1
Kevin Baio,0,0,1
Toni Pellegrino,0,0,1
Wedding & Events,0,0,1
Studio Fotografico VS,0,0,1
Barber Lab,0,0,1
Mora Mora,0,0,1
Tagliacorto,0,0,1
Pino Parrucchieri,0,0,1
Moonlight,0,0,1
Centro anziani Ortigia,0,0,1
Isola Parrucchieri,0,0,1
Massimo,0,0,1
Aurora,0,0,1
Lui Elle,0,0,1
Antonio,0,0,1
Mara Progetto Donna,0,0,1
Gianni,0,0,1
Tiné Fiori & Giardini,0,0,1
Seduzione Donna,0,0,1
Skyline,0,0,1
Bio Vegan Hair Salon,0,0,1
Massimo,0,0,1
Vanità,0,0,1
Il Segreto della Bellezza,0,0,1
Barber Lady,0,0,1
Alessio Lenzo,0,0,1
Style Uomo,0,0,1
Corrado Caldarella Hair Salon,0,0,1
Hair Spa,0,0,1
AF Barber Shop,0,0,1
Il Rifugio Incantato,0,0,1
Foto Blitz,0,0,1
Nuova Immagine,0,0,1
Da Giovanni,0,0,1
Centro Pio La Torre,0,0,1
South Coiffeur Adriano,0,0,1
Studio Fotografico Messina,0,0,1
Centro anziani Santa Lucia,0,0,1
Riviera 81,0,0,1
Melissa Tecnica d'Immagine,0,0,1
Ilham,0,0,1
Eurofiori,0,0,1
Antonella,0,0,1
Dia Service,0,0,1
Peluso,0,0,1
Nino,0,0,1
Le Spose di Bea,0,0,1
Arte & Stile,0,0,1
Paolo De Paolis,0,0,1
Eventi da Ricordare,0,0,1
John Hair Salon,0,0,1
K Parrucchieri,0,0,1
Barberhood,0,0,1
Studio Immagine,0,0,1
Atelier 61,0,0,1
Trucco & Parrucco,0,0,1
Castano Chiaro,0,0,1
Officina del Capello,0,0,1
Barba e Capelli,0,0,1
Beauty Salon Sharon,0,0,1
Marilù Trigilio Capelli,0,0,1
Velvet Hair Spa,0,0,1
Luciano Amato,0,0,1
Charme,0,0,1
Enzo,0,0,1
Colours Style,0,0,1
Tradition et Avantgarde,0,0,1
Dieci e Lode,0,0,1
Tinè,0,0,1
Foto Professional Line,0,0,1
Hair Evolution,0,0,1
Villa Cassandra,0,0,1
Concept Barbershop,0,0,1
Il Bello delle Donne,0,0,1
Rosy Beauty Style,0,0,1
Salvo's,0,0,1
Centro anziani Belvedere,0,0,1
Diamoci un Taglio,0,0,1
Il Pothos,0,0,1
Acconciatore Angelo,0,0,1
Visione Uomo,0,0,1
Effetto Donna,0,0,1
Hair Paradise,0,0,1
Foto Valvo,0,0,1
Karisma,0,0,1
Aretusa Beauty Center,0,0,1
Roxana Floral Boutique,0,0,1
Haircolormalià,0,0,1
Tagliamo,0,0,1
New Style,0,0,1
Donna Futura,0,0,1
Hairstylist Barbershop,0,0,1
You Are,0,0,1
Vivy,0,0,1
Santino Urso,0,0,1
I Mardani Hair,0,0,1
Dna Parrucchieri,0,0,1
Davide,0,0,1
Meraki,0,0,1
Volver,0,0,1
Miraglia Fiori,0,0,1
Oltre l'Immagine,0,0,1
Felice,0,0,1
Antonio Romico,0,0,1
Flo,0,0,1
Eden Hair Spa,0,0,1
Santino,0,0,1
Studios Hair Style,0,0,1
Il Salone,0,0,1
Davide,0,0,1
Nenè,0,0,1
Elvira,0,0,1
Marina Beauty,0,0,1
Franzo Costa,0,0,1
Creazione Look,0,0,1
Diverso Hair & Beauty,0,0,1
Barberia Moda e Tradizione,0,0,1
Moda e Capelli,0,0,1
Circolo degli Amici,0,0,1
Luci & Ombre,0,0,1
Giuseppe Di Natale Hair Stylist,0,0,1
New Look,0,0,1
Serena Parrucchieri,0,0,1
Gianni Liali,0,0,1
Salvo,0,0,1
Colpi di Follia,0,0,1
Parrucchieri Reale,0,0,1
Emmegi Parrucchieri,0,0,1
Green Club,0,0,1
Riflessi,0,0,1
Disney Party e Mon Club,0,0,1
Parrucchieri Be Different,0,0,1
Vella,0,0,1
Circolo del Giardino,0,0,1
Nuovo Fascino,0,0,1
Old Inked Barber,0,0,1
Giangravè,0,0,1
Idee per la Testa,0,0,1
Boutique del Fiore,0,0,1
Gior-Gino's,0,0,1
Scintillio,0,0,1
Gisella Abbate,0,0,1
Emanuele Sbriglio,0,0,1
Diamante,0,0,1
Hair Salon,0,0,1
Antonio Gionfriddo Hair Stylist,0,0,1
Giovane Style,0,0,1
Francesco Bruno,0,0,1
Ricupero Salvatore,0,0,1
Antonio & Seby,0,0,1
Mimmo,0,0,1
Aics - circolo Zecchino,0,0,1
Salvatore Vasile,0,0,1
Fashion's Look,0,0,1
Pippo & Rossana,0,0,1
Enzo Agnello,0,0,1
Sesto Senso,0,0,1
Lino,0,0,1
Ivan,0,0,1
Michele,0,0,1
Ezio,0,0,1
Pino,0,0,1
Raffaella Spose,0,0,1
Ottavio,0,0,1
Grazia e Regina Hair Studio,0,0,1
Backstage,0,0,1
Burl Hair,0,0,1
Barber Shop Francesco Bruno,0,0,1
Salotto Tiffany,0,0,1
Profile,0,0,1
Anna Maria,0,0,1
Associazione culturale American Pie,0,0,1
Mario Cacciatore,0,0,1
Elena Parrucchiera,0,0,1
For Lady,0,0,1
Fashion Milù,0,0,1
Alexander,0,0,1
Claudio,0,0,1
Mantra,0,0,1
Ezio Bottaro,0,0,1
Salvo,0,0,1
Enzo,0,0,1
Moda Capelli,0,0,1
Misspettini,0,0,1
My Event Club,0,0,1
Ciulla,0,0,1
Tony,0,0,1
Silvia Elegant,0,0,1
Sandro,0,0,1
Everyday,0,0,1
G&G Cantaro,0,0,1
Melilli,0,0,1
E Parrucchieri,0,0,1
Dyva Parrucchieri,0,0,1
Emanuele,0,0,1
Black & White,0,0,1
Foto & Fiesta,0,0,1
Centro anziani Acradina,0,0,1
Tower,0,0,1
Centro anziani,0,0,1
Medusa Parrucchieri,0,0,1
New Hair Stylist,0,0,1
Fashion Avenue,0,0,1
La Bacchetta Magica,0,0,1
Nonsoloricci Daniela,0,0,1
Giunta,0,0,1
Free Style,0,0,1
Diamoci delle Arie,0,0,1
Mon Amour Parrucchieri,0,0,1
Candysisters,0,0,1
Circolo ricreativo anziani Pino Rando,0,0,1
DM Barber,0,0,1
Look Me,0,0,1
Riflessi Hair Stylist,0,0,1
Coiffeur On-Off,0,0,1
Centro Sposa Anna Nesti,0,0,1
Hair Designer,0,0,1
Iacono Parrucchieri,0,0,1
Il Tulipano,0,0,1
Glamour & Style,0,0,1
Jvano & Angelo Bosco,0,0,1
Acconciature Nuccio,0,0,1
La Ginestra,0,0,1
Salvo Style,0,0,1
Ikebana,0,0,1
Sabrina & Michele,0,0,1
Coiffeur Franco,0,0,1
Mainstreet's Barber Shop 277,0,0,1
Cannata,0,0,1
Smeralda Spose,0,0,1
Barber Shop,0,0,1
Kami Hair Studio,0,0,1
Il Quadrifoglio,0,0,1
L'Angolo della Bellezza,0,0,1
Quartarone,0,0,1
Arte & Bellezza,0,0,1
Salone Pippo Conte,0,0,1
I Fiori di Mary,0,0,1
Compagnia della Bellezza,0,0,1
Andy Capoz,0,0,1
Hair Lab,0,0,1
Anna e Chiara,0,0,1
Cynthia,0,0,1
Alessandra Gulino,0,0,1
Tania Parrucchieri,0,0,1
Sensazioni Parrucchieri,0,0,1
B. e P. Parrucchieri,0,0,1
Massimiliano Parrucchieri,0,0,1
Andrea,0,0,1
Salvo Coppola,0,0,1
Francesco & Luca,0,0,1
Photographia,0,0,1
Toni Pellegrino,0,0,1
Parrucchieri Corrado,0,0,1
Hair Design Giambra,0,0,1
Cento X Cento,0,0,1
I Love Riccio,0,0,1
Codice Fotografi,0,0,1
Panificio Calderone Michele,0,0,1
Hair Shave Lorenzo,0,0,1
Circolo degli Amici,0,0,1
Simona Parrucchieri,0,0,1
Petralonga Eventi,0,0,1
Photografic,0,0,1
Dibartolo Hairstylist,0,0,1
Nuemà,0,0,1
Pro Loco,0,0,1
Hair and Color,0,0,1
Fiori Piante,0,0,1
Domenico Sturiale,0,0,1
Alessandro Papale,0,0,1
Hair Creation,0,0,1
Reale Bellezza,0,0,1
parrucchiere per uomo seby,0,0,1
Villa Corallo dell'Etna,0,0,1
Villa Lumia,0,0,1
Villa Margherita,0,0,1
BeCreative,0,0,1
Compagnia della Bellezza,0,0,1
Certosa dei Cavalieri,0,0,1
Villa Oasis,0,0,1
Villa La Limonaia,0,0,1
Hair Trend,0,0,1
Acireale 1,0,0,1
Blu Foto,0,0,1
Foto Digital Discount,0,0,1
Cutuli È,0,0,1
Roberto,0,0,1
Unknown,0,0,1
Unknown,0,0,1
Unknown,0,0,1
PG Fotografia,0,0,1
Salon,0,0,1
Angelo Giueni,0,0,1
Reale Bellezza,0,0,1
La Falconiera,0,0,1
Giardini di Tecla,0,0,1
Biagio Pavone,0,0,1
Unknown,0,0,1
Reale Bellezza,0,0,1
Villa del Casale Bongiardo,0,0,1
Villa Mirador,0,0,1
Villa Giuffrida,0,0,1
Estro Creativo,0,0,1
New Look Uomo da Franz,0,0,1
Armoniae,0,0,1
Mumble Mumble,0,0,1
Oasi Verde,0,0,1
Barba & Capelli,0,0,1
I Giardini di Villa Fago,0,0,1
Compagnia della Bellezza,0,0,1
Unknown,0,0,1
Indelicato Alfio,0,0,1
Urban Cdb,0,0,1
Foto Vitale,0,0,1
Pippo,0,0,1
Salone,0,0,1
Centro sociale Don Vincenzino Di Mauro,0,0,1
Your New Image,0,0,1
Unknown,0,0,1
Eleonora Gattuso,0,0,1
Art Gallery Atelier R. Sterrantino,0,0,1
Sinfonia in Verde,0,0,1
Unknown,0,0,1
Piante e Fiori Rita,0,0,1
Fiori e Piante,0,0,1
Unknown,0,0,1
Aleana Fiori,0,0,1
Riccardo,0,0,1
Unknown,0,0,1
"Ex scuola elementare ""Giovanni XXIII""",0,0,1
New image donna,0,0,1
Paradise di Mirabile Maria Teresa,0,0,1
Acconciature Marco For Man,0,0,1
Al paradiso dei fiori di Domy Torre,0,0,1
Fiori e Piante Coppolino,0,0,1
Carmelo Acconciature,0,0,1
Il Bello delle Donne,0,0,1
Parrucchiere uomo Maio Carmelo,0,0,1
Immagine,0,0,1
Fiorilandia trader s.s.a,0,0,1
Stile dodici,0,0,1
Hair styling,0,0,1
Carmelo Alesci Fotografia,0,0,1
Lei Parrucchieri,0,0,1
Crazy Barber Shop,0,0,1
My Flower,0,0,1
Spazio Uomo,0,0,1
L'aurora floreale,0,0,1
Garden Center,0,0,1
Bellissima,0,0,1
Hair & Beauty Masina,0,0,1
Antonio,0,0,1
Nino Casanova,0,0,1
Rosina,0,0,1
Ex Pescheria,0,0,1
Unknown,0,0,1
Nino Cortese,0,0,1
Hairandhair,0,0,1
Studio Chillari,0,0,1
Hair Patrizia,0,0,1
Franco,0,0,1
Fior Art,0,0,1
Al Giardino dei Fiori,0,0,1
Claudio Capone,0,0,1
Glamour,0,0,1
Tiziana,0,0,1
Foto video Flash,0,0,1
Unknown,0,0,1
Circolo Anziani di Corriolo,0,0,1
Giovanni Free Style,0,0,1
Giuseppe,0,0,1
Barbiere Re di Forbici di Antonio Alibrandi,0,0,1
Parrucchieri Sisters In Law,0,0,1
San Marco fiori,0,0,1
Idea taglio,0,0,1
Unknown,0,0,1
Unknown,0,0,1
Particolare,0,0,1
Domenico,0,0,1
Nino,0,0,1
Fioridea,0,0,1
Unknown,0,0,1
Patrizia,0,0,1
Pippo Idea Taglio,0,0,1
Black & White,0,0,1
Unknown,0,0,1
I Parrucchieri,0,0,1
SposAmi Atelier,0,0,1
Patrizia Parrucchiera,0,0,1
Immagine e bellezza parrucchieri,0,0,1
Nunzio,0,0,1
Rosario Parrucchiere,0,0,1
Parrucchiere Vittorio,0,0,1
Hair Creation parrucchieri,0,0,1
Fashion Regina Sposa,0,0,1
Shine,0,0,1
Mantineo Fiori,0,0,1
Mimmo,0,0,1
Compagnia della Bellezza Elena,0,0,1
X la bellezza,0,0,1
Fotografia Florena,0,0,1
Valentino hairdressing,0,0,1
Egoità parrucchieri,0,0,1
Daddy’s,0,0,1
Unknown,0,0,1
Il Barbier,0,0,1
Immagine donna,0,0,1
Unknown,0,0,1
Unknown,0,0,1
Coiffeur,0,0,1
La casa dell'orto,0,0,1
Fiori Flora,0,0,1
Unknown,0,0,1
Orario,0,0,1
Mjmma,0,0,1
Centro Sociale Comunale Anziani Canneto,0,0,1
Unknown,0,0,1
Angelo,0,0,1
Salvo Barber Shop,0,0,1
Vivai Sciotto,0,0,1
Salvatore,0,0,1
Pianeta Verde,0,0,1
Acconciature maschili FG,0,0,1
Vivai Torre,0,0,1
The barber shop,0,0,1
Francesco Andaloro,0,0,1
Anna Condrò,0,0,1
Unknown,0,0,1
Sicilflora,0,0,1
Nanzia,0,0,1
Floralia,0,0,1
"Centro Sociale ""Madonna del Boschetto""",0,0,1
Spazio Donna,0,0,1
Paola La Rosa,0,0,1
Azienda agricola Camelia,0,0,1
Fantasy,0,0,1
Helenio,0,0,1
Al giardino dei fiori,0,0,1
Salvatore,0,0,1
Francesco Puliafito,0,0,1
GianTi,0,0,1
Eurcolor,0,0,1
Donna Glamour,0,0,1
En Vogue,0,0,1
Hair 2.0,0,0,1
Hair Corin,0,0,1
Matteo,0,0,1
Il Cerimoniere,0,0,1
Annamaria,0,0,1
Giacomo,0,0,1
Claudio,0,0,1
Antonio,0,0,1
Gitto,0,0,1
Antony Schik,0,0,1
Francesco Italiano,0,0,1
"Oratorio ""Rosario Livatino""",0,0,1
Alessandro,0,0,1
Marisa,0,0,1
Dario,0,0,1
ID new style,0,0,1
Katia,0,0,1
Doctor Michy,0,0,1
Peppe,0,0,1
Barbiere,0,0,1
Emy Style,0,0,1
Fatevi belle,0,0,1
Esposito,0,0,1
Casa del Popolo,0,0,1
Le spose di Donna Più,0,0,1
Donna In,0,0,1
Cosmetiques,0,0,1
Nouvelles esthetiques Valerie,0,0,1
Carbone,0,0,1
Il bello delle donne,0,0,1
Saverio,0,0,1
Parrucchieri,0,0,1
Oltre l'immagine,0,0,1
Tiziana,0,0,1
Bianco Parrucchieri,0,0,1
Dianthus,0,0,1
Puccio Hair,0,0,1
Marilì chic,0,0,1
Centro d'incontro per anziani,0,0,1
Arte Foto,0,0,1
Puccio & Franco,0,0,1
Giacomo,0,0,1
Gianluca Cannistrà,0,0,1
La fioreria,0,0,1
Le spose di Fabio,0,0,1
Unknown,0,0,1
Unknown,0,0,1
Compagnia della bellezza,0,0,1
Puccio & Franco,0,0,1
Salvo Chillemi,0,0,1
Parisié,0,0,1
Unknown,0,0,1
Puccio & Franco,0,0,1
La casetta del benessere,0,0,1
Unknown,0,0,1
Nino,0,0,1
Sebastiano,0,0,1
Base Scout Pavone,0,0,1
Fiore di Sposa,0,0,1
Antonio Morina,0,0,1
Carmelo Pino,0,0,1
Fiordaliso,0,0,1
Jessiflor,0,0,1
Unknown,0,0,1
Base Scout Gesso - CNGEI Messina,0,0,1
La Zazzera,0,0,1
Rosalba e Nunzia,0,0,1
Image fotostudio,0,0,1
Magiuropa,0,0,1
Coiffeur Enrico,0,0,1
Immagine Uomo parrucchieri,0,0,1
Casa dei Promessi Sposi,0,0,1
Ada Luigi,0,0,1
Hair Spa Emotion,0,0,1
Unknown,0,0,1
Magiuropa,0,0,1
Micari Acconciature,0,0,1
Creations parrucchieri,0,0,1
Lionello Parrucchiere,0,0,1
Diffusion Parrucchieri,0,0,1
Florena,0,0,1
Briguglio parrucchieri,0,0,1
Jedà,0,0,1
Lillo Valvieri,0,0,1
Unknown,0,0,1
Unknown,0,0,1
Unknown,0,0,1
Naturalmente Stromboli,0,0,1
Cantieri Navali Esposito,0,0,1
Complesso Monumentale San Pietro,0,0,1
Unknown,0,0,1
Unknown,0,0,1
Il Contadino,0,0,1
Via Antonio Esposito,0,0,1
Immagine Digitale,0,0,1
Foto Vassallo,0,0,1
Coppola Parrucchieri,0,0,1
Oratorio,0,0,1
Unknown,0,0,1
La Rotonda Dei Fiori Di Spinella Pasquale,0,0,1
Via Gennaro Esposito,0,0,1
Centro Diurno,0,0,1
Unknown,0,0,1
Baglio Luna,0,0,1
Baglio Luna,0,0,1
Baglio Regia Corte,0,0,1
Baglio Regia Corte,0,0,1
L´Anthurium Piante e Fiori,0,0,1
Filippo D'Agostino-Compagnia della Bellezza Poseidon,0,0,1
Piante e fiori,0,0,1
Piazzale dei Matrimoni,0,0,1
Villa Amarù,0,0,1
Sealea piante e fiori,0,0,1
L'angolo dei fiori,0,0,1
Centro Sociale,0,0,1
Fiabesco,0,0,1
Parrucchieria Piera,0,0,1
Cortile Esposito,0,0,1
CESVOP,0,0,1
Centro Studi Feliciano Rossitto,0,0,1
Unknown,0,0,1
Il Mirto,0,0,1
Salvo Peluso,0,0,1
Villino Villadorata,0,0,1
L'Angolo Verde,0,0,1
Villa Giocolano,0,0,1
Via delle Esposizioni,0,0,1
Centro servizi culturali Emanuele Schembari,0,0,1
Unknown,0,0,1
Villa Cultrera,0,0,1
Centro anziani Ain Karim,0,0,1
Messaggi Floreali,0,0,1
Unknown,0,0,1
Hair Creation,0,0,1
Effetto Uomo,0,0,1
Floreana Demma,0,0,1
Salita Esposito,0,0,1
Salita Esposito,0,0,1
Unknown,0,0,1
Unknown,0,0,1
Unknown,0,0,1
Centro anziani Proserpina,0,0,1
Polo educativo Villa Fazio,0,0,1
Auditorium Avvocato Serafino Famà,0,0,1
Laboratorio di Città Nelson Mandela,0,0,1
Margherita Park,0,0,1
Casa Betania,0,0,1
Palestra Lupo,0,0,1
Fiorelleria Mirabella,0,0,1
Concetto,0,0,1
Fiori Salvo,0,0,1
Unknown,0,0,1
Casa Coniglio,0,0,1
Agora Beach Club,0,0,1
Etna Palace,0,0,1
Unknown,0,0,1
Spazio espositivo rotabili storici,0,0,1
Auditorium Comunale “Manetti Carrara”,0,0,1
Oratorio Parrocchiale,0,0,1
Centro di aggregazione Pio La Torre,0,0,1
Villa Eleonora,0,0,1
Centro anziani,0,0,1
Eden,0,0,1
Centro artistico culturale Giuseppe Ierna,0,0,1
Peganita Eventi,0,0,1
Mama,0,0,1
Cocus Club Eventi,0,0,1
Unknown,0,0,1
Unknown,0,0,1
Unknown,0,0,1
Unknown,0,0,1
Sala Randone,0,0,1
Urban Center,0,0,1
Centro anziani Corrado Blanco,0,0,1
Minnalà Fiori,0,0,1
Open Land,0,0,1
Barber's Shop,0,0,1
Innova,0,0,1
Mary Garden,0,0,1
Green Planet,0,0,1
City Garden,0,0,1
Marty Ale e Cry,0,0,1
Regal Garden,0,0,1
Centro anziani Grottasanta,0,0,1
Barber Shop Melo,0,0,1
Black & White,0,0,1
Unknown,0,0,1
Yachting Club,0,0,1
Casa delle Terre Forti,0,0,1
Blu Panorama,0,0,1
Castello delle Aci,0,0,1
Tenuta Pietra Bianca,0,0,1
Domenico e Anibale,0,0,1
Palacultura Bartolo Cattafi,0,0,1
Unknown,0,0,1
Oratorio Santa Lucia,0,0,1
Unknown,0,0,1
Unknown,0,0,1
Unknown,0,0,1
Ex scuola Carlo Collodi,0,0,1
Centro diurno per anziani,0,0,1
Villafranca Giovane,0,0,1
Polo Servizi,0,0,1
Corner di Frutti&fiori,1,0,0
La Baia dei Fenici,1,0,0
Autonoleggi Riggi,1,0,0
Relais Borgo degli Angeli,1,0,0
sicilianozze,1,0,0
Sala Ricevimenti Serena,1,0,0
Fotostudio Star,1,0,0
Va.Zi. Italia,1,0,0
Lillo Foto,1,0,0
Studio Immagine,1,0,0
Fotografo Fabio Corselli,1,0,0
Crealab,1,0,0
Giancarlo Cianciolo,1,0,0
Asterisco23,1,0,0
Plc Album,1,0,0
Marzullo Fotografia,1,0,0
Cristiano Cannella Photography,1,0,0
Fotografo Matrimonio Palermo Fabio Sciacchitano,1,0,0
Frida Pizzeria,1,0,0
La Corte dei Mangioni,1,0,0
I Cucci,1,0,0
Ristorante PRIMI PIATTI,1,0,0
Bisso,1,0,0
Ferro di Cavallo,1,0,0
Caffè Pasticceria Spinnato,1,0,0
Antica Focacceria San Francesco,1,0,0
Giada,1,0,0
Casa del Brodo,1,0,0
Osteria Ballaro,1,0,0
Da Bacco,1,0,0
Piccolo Napoli,1,0,0
La Galleria,1,0,0
CIN CIN,1,0,0
Cattedrale di Palermo,1,0,0
La Duchessa,1,0,0
FUD,1,0,0
Trattoria Biondo,1,0,0
Mangia & Bevi,1,0,0
Ke Palle,1,0,0
Arancina D'Autore,1,0,0
Antica Trattoria Pizzeria Enzo,1,0,0
Nni Franco 'u Vastiddaru,1,0,0
Buatta,1,0,0
Le Delizie di Cagliostro,1,0,0
MadoniEAT,1,0,0
Ottava Nota,1,0,0
Kus Kus,1,0,0
Pani Ca' Meusa,1,0,0
Locale,1,0,0
Mak Mixology,1,0,0
Osteria Proseccheria Mercede,1,0,0
Sal Capone SushiClub,1,0,0
Pizza e Cucina,1,0,0
Osteria Lo Bianco,1,0,0
Catacombe dei Cappuccini,1,0,0
Osteria al Casareccio,1,0,0
Tribeca,1,0,0
Trattoria Altri Tempi,1,0,0
Taverna dei Canti,1,0,0
Il Signor di Carbognano,1,0,0
Mudù,1,0,0
Bioesserì,1,0,0
I Cuochini,1,0,0
Osteria dei Vespri,1,0,0
Bar Touring,1,0,0
Il Cambusone,1,0,0
Cappello Salvatore,1,0,0
Salcapone,1,0,0
Luxury Wedding Veil,0,1,0
Luxury Wedding Veils,0,1,0
Arkidea Wedding Planner,0,1,0
Wedding Planner & Event,0,1,0
Arkiwed Wedding Architects,0,1,0
Wedding Palermo,0,1,0
Tulle&rose Wedding Palermo,0,1,0
Alex Calderone Wedding &Cinema,0,1,0
Wedding Planner Jenny Scalera,0,1,0
Wedding Palermo,0,1,0
Sicilia Weddings,0,1,0
WHITE EVENT Palermo wedding Planner,0,1,0
Sicilian Wedding Lab,0,1,0
Smart Planning Lab - Dipartimento di Architettura,0,1,0
Romina Davì Wedding & Events,0,1,0
Lemur Studio Wedding Photography,0,1,0
Media World,0,1,0
EffeDue corsi di fotografia,0,1,0
Palermofoto,0,1,0
Cilia Fotografia,0,1,0
Punto Photo,0,1,0
Piazza Indipendenza,0,1,0
C.o.t. Ristorazione Societa' Cooperativa,0,1,0
L'ufficio del Pezzato. Organizzazione eventi culturali.,0,1,0
Intracutem Eventi,0,1,0
Spazio D di Eventi & Co.,0,1,0
Lux Eventi & Service,0,1,0
fantajoy eventi,0,1,0
Ulisse Events,0,1,0
Progetto Eventi SRL,0,1,0
La Bottega degli Eventi,0,1,0
Studio D di Pupella Daniela - Agenzia Eventi Hostess Modelle Palermo,0,1,0
DiventaEvento,0,1,0
Galassia Eventi,0,1,0
VillaReal - Spazio Eventi,0,1,0
B quadro eventi e comunicazione,0,1,0
Celestino Eventi,0,1,0
Casino Events,0,1,0
Labisi Eventi,0,1,0
Esmeralda Eventi,0,1,0
MST Eventi Palermo,0,1,0
Omnia Event Torneo Calcio A 5,0,1,0
Al Bounty Eventi e Feste a Palermo,0,1,0
Comeidea eventi e comunicazione,0,1,0
Gandolfo Eventi,0,1,0
Blue Five Services and Events,0,1,0
Tina Pica Ristorante Mast Eventi Srls,0,1,0
Terradamare Itinerari Turistici ed Eventi a Palermo,0,1,0
I-Organize Eventi e Turismo SRL,0,1,0
I monaci eventi in cucina,0,1,0
Gratta e Vinci per Eventi,0,1,0
Eventi e Design Moda e Spettacolo,0,1,0
Lieti Eventi di Fontana Francesca,0,1,0
Valentina Torregrossa Event Designer,0,1,0
Cascino Fiori,0,1,0
Sperlinga Fiori,0,1,0
Impollonia,0,1,0
Fioraio di Viale Campania,0,1,0
Vivai Gitto,0,1,0
King Garden,0,1,0
